name,command,host_access,usrgrpid,groupid,hostgroup-name,description,confirmation,type,execute_on,timeout,scope,port,authtype,username,password,publickey,privatekey,menu_path
LIGAR Bomba 1 QBE AP,"mosquitto_pub -h 192.168.0.51 -t gw/000D6F001665BA57/onoffcmd/000D6F0002B5E38A/9 -m ""1""",2,0,319,ROOT/CONDOMINIO VILLAGGIO/TORRE B/AREA COMUM/QUADROS/AREA QBE_AP,,Tem certeza?,0,1,30s,2,,0,,,,,
DESLIGAR Bomba 1 QBE AP,"mosquitto_pub -h 192.168.0.51 -t gw/000D6F001665BA57/onoffcmd/000D6F0002B5E38A/9 -m ""0""",2,0,319,ROOT/CONDOMINIO VILLAGGIO/TORRE B/AREA COMUM/QUADROS/AREA QBE_AP,,Tem certeza?,0,1,30s,2,,0,,,,,
LIGAR Bomba 2 QBE AP,"mosquitto_pub -h 192.168.0.51 -t gw/000D6F001665BA57/onoffcmd/000D6F0002B5E38A/10 -m ""1""",2,0,319,ROOT/CONDOMINIO VILLAGGIO/TORRE B/AREA COMUM/QUADROS/AREA QBE_AP,,Tem certeza?,0,1,30s,2,,0,,,,,
DESLIGAR Bomba 2 QBE AP,"mosquitto_pub -h 192.168.0.51 -t gw/000D6F001665BA57/onoffcmd/000D6F0002B5E38A/10 -m ""0""",2,0,319,ROOT/CONDOMINIO VILLAGGIO/TORRE B/AREA COMUM/QUADROS/AREA QBE_AP,,Tem certeza?,0,1,30s,2,,0,,,,,
LIGAR Bomba 1 QBE AS,"mosquitto_pub -h 192.168.0.51 -t gw/000D6F001665BA57/onoffcmd/000D6F0002B5CD39/9 -m ""1""",2,0,321,ROOT/CONDOMINIO VILLAGGIO/TORRE B/AREA COMUM/QUADROS/AREA QBE_AS,,Tem certeza?,0,1,30s,2,,0,,,,,
DESLIGAR Bomba 1 QBE AS,"mosquitto_pub -h 192.168.0.51 -t gw/000D6F001665BA57/onoffcmd/000D6F0002B5CD39/9 -m ""0""",2,0,321,ROOT/CONDOMINIO VILLAGGIO/TORRE B/AREA COMUM/QUADROS/AREA QBE_AS,,Tem certeza?,0,1,30s,2,,0,,,,,
LIGAR Bomba 2 QBE AS,"mosquitto_pub -h 192.168.0.51 -t gw/000D6F001665BA57/onoffcmd/000D6F0002B5CD39/10 -m ""1""",2,0,321,ROOT/CONDOMINIO VILLAGGIO/TORRE B/AREA COMUM/QUADROS/AREA QBE_AS,,Tem certeza?,0,1,30s,2,,0,,,,,
DESLIGAR Bomba 2 QBE AS,"mosquitto_pub -h 192.168.0.51 -t gw/000D6F001665BA57/onoffcmd/000D6F0002B5CD39/10 -m ""0""",2,0,321,ROOT/CONDOMINIO VILLAGGIO/TORRE B/AREA COMUM/QUADROS/AREA QBE_AS,,Tem certeza?,0,1,30s,2,,0,,,,,
LIGAR Bomba 1 QBE REC A,"mosquitto_pub -h 192.168.0.51 -t gw/000D6F001665BA57/onoffcmd/000D6F0003139FEB/17 -m ""1""",2,0,322,ROOT/CONDOMINIO VILLAGGIO/TORRE B/AREA COMUM/QUADROS/AREA QBE_REC_A,,Tem certeza?,0,1,30s,2,,0,,,,,
DESLIGAR Bomba 1 QBE REC A,"mosquitto_pub -h 192.168.0.51 -t gw/000D6F001665BA57/onoffcmd/000D6F0003139FEB/17 -m ""0""",2,0,322,ROOT/CONDOMINIO VILLAGGIO/TORRE B/AREA COMUM/QUADROS/AREA QBE_REC_A,,Tem certeza?,0,1,30s,2,,0,,,,,
LIGAR Bomba 2 QBE REC A,"mosquitto_pub -h 192.168.0.51 -t gw/000D6F001665BA57/onoffcmd/000D6F0003139FEB/18 -m ""1""",2,0,322,ROOT/CONDOMINIO VILLAGGIO/TORRE B/AREA COMUM/QUADROS/AREA QBE_REC_A,,Tem certeza?,0,1,30s,2,,0,,,,,
DESLIGAR Bomba 2 QBE REC A,"mosquitto_pub -h 192.168.0.51 -t gw/000D6F001665BA57/onoffcmd/000D6F0003139FEB/18 -m ""0""",2,0,322,ROOT/CONDOMINIO VILLAGGIO/TORRE B/AREA COMUM/QUADROS/AREA QBE_REC_A,,Tem certeza?,0,1,30s,2,,0,,,,,
LIGAR Bomba 1 QBE REC B,"mosquitto_pub -h 192.168.0.51 -t gw/000D6F001665BA57/onoffcmd/000D6F0002A6A8CC/17 -m ""1""",2,0,323,ROOT/CONDOMINIO VILLAGGIO/TORRE B/AREA COMUM/QUADROS/AREA QBE_REC_B,,Tem certeza?,0,1,30s,2,,0,,,,,
DESLIGAR Bomba 1 QBE REC B,"mosquitto_pub -h 192.168.0.51 -t gw/000D6F001665BA57/onoffcmd/000D6F0002A6A8CC/17 -m ""0""",2,0,323,ROOT/CONDOMINIO VILLAGGIO/TORRE B/AREA COMUM/QUADROS/AREA QBE_REC_B,,Tem certeza?,0,1,30s,2,,0,,,,,
LIGAR Bomba 2 QBE REC B,"mosquitto_pub -h 192.168.0.51 -t gw/000D6F001665BA57/onoffcmd/000D6F0002A6A8CC/18 -m ""1""",2,0,323,ROOT/CONDOMINIO VILLAGGIO/TORRE B/AREA COMUM/QUADROS/AREA QBE_REC_B,,Tem certeza?,0,1,30s,2,,0,,,,,
DESLIGAR Bomba 2 QBE REC B,"mosquitto_pub -h 192.168.0.51 -t gw/000D6F001665BA57/onoffcmd/000D6F0002A6A8CC/18 -m ""0""",2,0,323,ROOT/CONDOMINIO VILLAGGIO/TORRE B/AREA COMUM/QUADROS/AREA QBE_REC_B,,Tem certeza?,0,1,30s,2,,0,,,,,
LIGAR Bomba 1 QBE REC C,"mosquitto_pub -h 192.168.0.51 -t gw/000D6F001665BA57/onoffcmd/000D6F000BE28021/17 -m ""1""",2,0,324,ROOT/CONDOMINIO VILLAGGIO/TORRE B/AREA COMUM/QUADROS/AREA QBE_REC_C,,Tem certeza?,0,1,30s,2,,0,,,,,
DESLIGAR Bomba 1 QBE REC C,"mosquitto_pub -h 192.168.0.51 -t gw/000D6F001665BA57/onoffcmd/000D6F000BE28021/17 -m ""0""",2,0,324,ROOT/CONDOMINIO VILLAGGIO/TORRE B/AREA COMUM/QUADROS/AREA QBE_REC_C,,Tem certeza?,0,1,30s,2,,0,,,,,
LIGAR Bomba 2 QBE REC C,"mosquitto_pub -h 192.168.0.51 -t gw/000D6F001665BA57/onoffcmd/000D6F000BE28021/18 -m ""1""",2,0,324,ROOT/CONDOMINIO VILLAGGIO/TORRE B/AREA COMUM/QUADROS/AREA QBE_REC_C,,Tem certeza?,0,1,30s,2,,0,,,,,
DESLIGAR Bomba 2 QBE REC C,"mosquitto_pub -h 192.168.0.51 -t gw/000D6F001665BA57/onoffcmd/000D6F000BE28021/18 -m ""0""",2,0,324,ROOT/CONDOMINIO VILLAGGIO/TORRE B/AREA COMUM/QUADROS/AREA QBE_REC_C,,Tem certeza?,0,1,30s,2,,0,,,,,
DESLIGAR Bomba 1 QBE REC D,"mosquitto_pub -h 192.168.0.51 -t gw/000D6F001665BA57/onoffcmd/000D6F0002F80569/17 -m ""0""",2,0,325,ROOT/CONDOMINIO VILLAGGIO/TORRE B/AREA COMUM/QUADROS/AREA QBE_REC_D,,Tem certeza?,0,1,30s,2,,0,,,,,
LIGAR Bomba 1 QBE REC D,"mosquitto_pub -h 192.168.0.51 -t gw/000D6F001665BA57/onoffcmd/000D6F0002F80569/17 -m ""1""",2,0,325,ROOT/CONDOMINIO VILLAGGIO/TORRE B/AREA COMUM/QUADROS/AREA QBE_REC_D,,Tem certeza?,0,1,30s,2,,0,,,,,
LIGAR Bomba 2 QBE REC D,"mosquitto_pub -h 192.168.0.51 -t gw/000D6F001665BA57/onoffcmd/000D6F0002F80569/18 -m ""1""",2,0,325,ROOT/CONDOMINIO VILLAGGIO/TORRE B/AREA COMUM/QUADROS/AREA QBE_REC_D,,Tem certeza?,0,1,30s,2,,0,,,,,
DESLIGAR Bomba 2 QBE REC D,"mosquitto_pub -h 192.168.0.51 -t gw/000D6F001665BA57/onoffcmd/000D6F0002F80569/18 -m ""0""",2,0,325,ROOT/CONDOMINIO VILLAGGIO/TORRE B/AREA COMUM/QUADROS/AREA QBE_REC_D,,Tem certeza?,0,1,30s,2,,0,,,,,
LIGAR C1 Ilum QDLE Churr 1,"mosquitto_pub -h 192.168.0.51 -t gw/000D6F001665BA57/onoffcmd/000D6F0003C00C85/1 -m ""1""",2,0,331,ROOT/CONDOMINIO VILLAGGIO/TORRE B/AREA COMUM/QUADROS/AREA QDLE_Churr_1,,Tem certeza?,0,1,30s,2,,0,,,,,
DESLIGAR C1 Ilum QDLE Churr 1,"mosquitto_pub -h 192.168.0.51 -t gw/000D6F001665BA57/onoffcmd/000D6F0003C00C85/1 -m ""0""",2,0,331,ROOT/CONDOMINIO VILLAGGIO/TORRE B/AREA COMUM/QUADROS/AREA QDLE_Churr_1,,Tem certeza?,0,1,30s,2,,0,,,,,
LIGAR C2 Ilum QDLE Churr 1,"mosquitto_pub -h 192.168.0.51 -t gw/000D6F001665BA57/onoffcmd/000D6F0003C00C85/2 -m ""1""",2,0,331,ROOT/CONDOMINIO VILLAGGIO/TORRE B/AREA COMUM/QUADROS/AREA QDLE_Churr_1,,Tem certeza?,0,1,30s,2,,0,,,,,
DESLIGAR C2 Ilum QDLE Churr 1,"mosquitto_pub -h 192.168.0.51 -t gw/000D6F001665BA57/onoffcmd/000D6F0003C00C85/2 -m ""0""",2,0,331,ROOT/CONDOMINIO VILLAGGIO/TORRE B/AREA COMUM/QUADROS/AREA QDLE_Churr_1,,Tem certeza?,0,1,30s,2,,0,,,,,
LIGAR C3 Ilum QDLE Churr 1,"mosquitto_pub -h 192.168.0.51 -t gw/000D6F001665BA57/onoffcmd/000D6F0003C00C85/3 -m ""1""",2,0,331,ROOT/CONDOMINIO VILLAGGIO/TORRE B/AREA COMUM/QUADROS/AREA QDLE_Churr_1,,Tem certeza?,0,1,30s,2,,0,,,,,
DESLIGAR C3 Ilum QDLE Churr 1,"mosquitto_pub -h 192.168.0.51 -t gw/000D6F001665BA57/onoffcmd/000D6F0003C00C85/3 -m ""0""",2,0,331,ROOT/CONDOMINIO VILLAGGIO/TORRE B/AREA COMUM/QUADROS/AREA QDLE_Churr_1,,Tem certeza?,0,1,30s,2,,0,,,,,
LIGAR C2 Ilum QDLE Ilum Ext 1,"mosquitto_pub -h 192.168.0.51 -t gw/000D6F001665BA57/onoffcmd/000D6F0002B5D639/18 -m ""1""",2,0,333,ROOT/CONDOMINIO VILLAGGIO/TORRE B/AREA COMUM/QUADROS/AREA QDLE_Ilum_Ext_1,,Tem certeza?,0,1,30s,2,,0,,,,,
DESLIGAR C1 Ilum QDLE Churr 2,"mosquitto_pub -h 192.168.0.51 -t gw/000D6F001665BA57/onoffcmd/000D6F000BC6F267/1 -m ""0""",2,0,332,ROOT/CONDOMINIO VILLAGGIO/TORRE B/AREA COMUM/QUADROS/AREA QDLE_Churr_2,,Tem certeza?,0,1,30s,2,,0,,,,,
DESLIGAR C1 Ilum QDLE Ilum Ext 1,"mosquitto_pub -h 192.168.0.51 -t gw/000D6F001665BA57/onoffcmd/000D6F0002B5D639/17 -m ""0""",2,0,333,ROOT/CONDOMINIO VILLAGGIO/TORRE B/AREA COMUM/QUADROS/AREA QDLE_Ilum_Ext_1,,Tem certeza?,0,1,30s,2,,0,,,,,
LIGAR C1 Ilum QDLE Ilum Ext 1,"mosquitto_pub -h 192.168.0.51 -t gw/000D6F001665BA57/onoffcmd/000D6F0002B5D639/17 -m ""1""",2,0,333,ROOT/CONDOMINIO VILLAGGIO/TORRE B/AREA COMUM/QUADROS/AREA QDLE_Ilum_Ext_1,,Tem certeza?,0,1,30s,2,,0,,,,,
LIGAR C3 Ilum QDLE Ilum Ext 1,"mosquitto_pub -h 192.168.0.51 -t gw/000D6F001665BA57/onoffcmd/000D6F0002B5D639/19 -m ""1""",2,0,333,ROOT/CONDOMINIO VILLAGGIO/TORRE B/AREA COMUM/QUADROS/AREA QDLE_Ilum_Ext_1,,Tem certeza?,0,1,30s,2,,0,,,,,
LIGAR C4 Ilum QDLE Ilum Ext 1,"mosquitto_pub -h 192.168.0.51 -t gw/000D6F001665BA57/onoffcmd/000D6F0002B5D639/20 -m ""1""",2,0,333,ROOT/CONDOMINIO VILLAGGIO/TORRE B/AREA COMUM/QUADROS/AREA QDLE_Ilum_Ext_1,,Tem certeza?,0,1,30s,2,,0,,,,,
LIGAR C5 Ilum QDLE Ilum Ext 1,"mosquitto_pub -h 192.168.0.51 -t gw/000D6F001665BA57/onoffcmd/000D6F0002B5D639/21 -m ""1""",2,0,333,ROOT/CONDOMINIO VILLAGGIO/TORRE B/AREA COMUM/QUADROS/AREA QDLE_Ilum_Ext_1,,Tem certeza?,0,1,30s,2,,0,,,,,
LIGAR C6 Ilum QDLE Ilum Ext 1,"mosquitto_pub -h 192.168.0.51 -t gw/000D6F001665BA57/onoffcmd/000D6F0002B5D639/22 -m ""1""",2,0,333,ROOT/CONDOMINIO VILLAGGIO/TORRE B/AREA COMUM/QUADROS/AREA QDLE_Ilum_Ext_1,,Tem certeza?,0,1,30s,2,,0,,,,,
LIGAR C7 Ilum QDLE Ilum Ext 1,"mosquitto_pub -h 192.168.0.51 -t gw/000D6F001665BA57/onoffcmd/000D6F0002B5D639/23 -m ""1""",2,0,333,ROOT/CONDOMINIO VILLAGGIO/TORRE B/AREA COMUM/QUADROS/AREA QDLE_Ilum_Ext_1,,Tem certeza?,0,1,30s,2,,0,,,,,
LIGAR C8 Ilum QDLE Ilum Ext 1,"mosquitto_pub -h 192.168.0.51 -t gw/000D6F001665BA57/onoffcmd/000D6F0002B5D639/24 -m ""1""",2,0,333,ROOT/CONDOMINIO VILLAGGIO/TORRE B/AREA COMUM/QUADROS/AREA QDLE_Ilum_Ext_1,,Tem certeza?,0,1,30s,2,,0,,,,,
LIGAR C9 Ilum QDLE Ilum Ext 1,"mosquitto_pub -h 192.168.0.51 -t gw/000D6F001665BA57/onoffcmd/000D6F0002B5D639/25 -m ""1""",2,0,333,ROOT/CONDOMINIO VILLAGGIO/TORRE B/AREA COMUM/QUADROS/AREA QDLE_Ilum_Ext_1,,Tem certeza?,0,1,30s,2,,0,,,,,
LIGAR C11 Ilum QDLE Ilum Ext 1,"mosquitto_pub -h 192.168.0.51 -t gw/000D6F001665BA57/onoffcmd/000D6F0002B5D639/27 -m ""1""",2,0,333,ROOT/CONDOMINIO VILLAGGIO/TORRE B/AREA COMUM/QUADROS/AREA QDLE_Ilum_Ext_1,,Tem certeza?,0,1,30s,2,,0,,,,,
LIGAR C10 Ilum QDLE Ilum Ext 1,"mosquitto_pub -h 192.168.0.51 -t gw/000D6F001665BA57/onoffcmd/000D6F0002B5D639/26 -m ""1""",2,0,333,ROOT/CONDOMINIO VILLAGGIO/TORRE B/AREA COMUM/QUADROS/AREA QDLE_Ilum_Ext_1,,Tem certeza?,0,1,30s,2,,0,,,,,
LIGAR C12 Ilum QDLE Ilum Ext 1,"mosquitto_pub -h 192.168.0.51 -t gw/000D6F001665BA57/onoffcmd/000D6F0002B5D639/28 -m ""1""",2,0,333,ROOT/CONDOMINIO VILLAGGIO/TORRE B/AREA COMUM/QUADROS/AREA QDLE_Ilum_Ext_1,,Tem certeza?,0,1,30s,2,,0,,,,,
LIGAR C13 Ilum QDLE Ilum Ext 1,"mosquitto_pub -h 192.168.0.51 -t gw/000D6F001665BA57/onoffcmd/000D6F0002B5D639/29 -m ""1""",2,0,333,ROOT/CONDOMINIO VILLAGGIO/TORRE B/AREA COMUM/QUADROS/AREA QDLE_Ilum_Ext_1,,Tem certeza?,0,1,30s,2,,0,,,,,
DESLIGAR C2 Ilum QDLE Ilum Ext 1,"mosquitto_pub -h 192.168.0.51 -t gw/000D6F001665BA57/onoffcmd/000D6F0002B5D639/18 -m ""0""",2,0,333,ROOT/CONDOMINIO VILLAGGIO/TORRE B/AREA COMUM/QUADROS/AREA QDLE_Ilum_Ext_1,,Tem certeza?,0,1,30s,2,,0,,,,,
DESLIGAR C3 Ilum QDLE Ilum Ext 1,"mosquitto_pub -h 192.168.0.51 -t gw/000D6F001665BA57/onoffcmd/000D6F0002B5D639/19 -m ""0""",2,0,333,ROOT/CONDOMINIO VILLAGGIO/TORRE B/AREA COMUM/QUADROS/AREA QDLE_Ilum_Ext_1,,Tem certeza?,0,1,30s,2,,0,,,,,
DESLIGAR C4 Ilum QDLE Ilum Ext 1,"mosquitto_pub -h 192.168.0.51 -t gw/000D6F001665BA57/onoffcmd/000D6F0002B5D639/20 -m ""0""",2,0,333,ROOT/CONDOMINIO VILLAGGIO/TORRE B/AREA COMUM/QUADROS/AREA QDLE_Ilum_Ext_1,,Tem certeza?,0,1,30s,2,,0,,,,,
DESLIGAR C5 Ilum QDLE Ilum Ext 1,"mosquitto_pub -h 192.168.0.51 -t gw/000D6F001665BA57/onoffcmd/000D6F0002B5D639/21 -m ""0""",2,0,333,ROOT/CONDOMINIO VILLAGGIO/TORRE B/AREA COMUM/QUADROS/AREA QDLE_Ilum_Ext_1,,Tem certeza?,0,1,30s,2,,0,,,,,
DESLIGAR C6 Ilum QDLE Ilum Ext 1,"mosquitto_pub -h 192.168.0.51 -t gw/000D6F001665BA57/onoffcmd/000D6F0002B5D639/22 -m ""0""",2,0,333,ROOT/CONDOMINIO VILLAGGIO/TORRE B/AREA COMUM/QUADROS/AREA QDLE_Ilum_Ext_1,,Tem certeza?,0,1,30s,2,,0,,,,,
DESLIGAR C7 Ilum QDLE Ilum Ext 1,"mosquitto_pub -h 192.168.0.51 -t gw/000D6F001665BA57/onoffcmd/000D6F0002B5D639/23 -m ""0""",2,0,333,ROOT/CONDOMINIO VILLAGGIO/TORRE B/AREA COMUM/QUADROS/AREA QDLE_Ilum_Ext_1,,Tem certeza?,0,1,30s,2,,0,,,,,
DESLIGAR C8 Ilum QDLE Ilum Ext 1,"mosquitto_pub -h 192.168.0.51 -t gw/000D6F001665BA57/onoffcmd/000D6F0002B5D639/24 -m ""0""",2,0,333,ROOT/CONDOMINIO VILLAGGIO/TORRE B/AREA COMUM/QUADROS/AREA QDLE_Ilum_Ext_1,,Tem certeza?,0,1,30s,2,,0,,,,,
DESLIGAR C9 Ilum QDLE Ilum Ext 1,"mosquitto_pub -h 192.168.0.51 -t gw/000D6F001665BA57/onoffcmd/000D6F0002B5D639/25 -m ""0""",2,0,333,ROOT/CONDOMINIO VILLAGGIO/TORRE B/AREA COMUM/QUADROS/AREA QDLE_Ilum_Ext_1,,Tem certeza?,0,1,30s,2,,0,,,,,
DESLIGAR C10 Ilum QDLE Ilum Ext 1,"mosquitto_pub -h 192.168.0.51 -t gw/000D6F001665BA57/onoffcmd/000D6F0002B5D639/26 -m ""0""",2,0,333,ROOT/CONDOMINIO VILLAGGIO/TORRE B/AREA COMUM/QUADROS/AREA QDLE_Ilum_Ext_1,,Tem certeza?,0,1,30s,2,,0,,,,,
DESLIGAR C11 Ilum QDLE Ilum Ext 1,"mosquitto_pub -h 192.168.0.51 -t gw/000D6F001665BA57/onoffcmd/000D6F0002B5D639/27 -m ""0""",2,0,333,ROOT/CONDOMINIO VILLAGGIO/TORRE B/AREA COMUM/QUADROS/AREA QDLE_Ilum_Ext_1,,Tem certeza?,0,1,30s,2,,0,,,,,
DESLIGAR C12 Ilum QDLE Ilum Ext 1,"mosquitto_pub -h 192.168.0.51 -t gw/000D6F001665BA57/onoffcmd/000D6F0002B5D639/28 -m ""0""",2,0,333,ROOT/CONDOMINIO VILLAGGIO/TORRE B/AREA COMUM/QUADROS/AREA QDLE_Ilum_Ext_1,,Tem certeza?,0,1,30s,2,,0,,,,,
DESLIGAR C13 Ilum QDLE Ilum Ext 1,"mosquitto_pub -h 192.168.0.51 -t gw/000D6F001665BA57/onoffcmd/000D6F0002B5D639/29 -m ""0""",2,0,333,ROOT/CONDOMINIO VILLAGGIO/TORRE B/AREA COMUM/QUADROS/AREA QDLE_Ilum_Ext_1,,Tem certeza?,0,1,30s,2,,0,,,,,
LIGAR C1 Ilum QDLE Ilum Ext 2,"mosquitto_pub -h 192.168.0.51 -t gw/000D6F001665BA57/onoffcmd/000D6F0002B5E46F/9 -m ""1""",2,0,334,ROOT/CONDOMINIO VILLAGGIO/TORRE B/AREA COMUM/QUADROS/AREA QDLE_Ilum_Ext_2,,Tem certeza?,0,1,30s,2,,0,,,,,
LIGAR C2 Ilum QDLE Ilum Ext 2,"mosquitto_pub -h 192.168.0.51 -t gw/000D6F001665BA57/onoffcmd/000D6F0002B5E46F/10 -m ""1""",2,0,334,ROOT/CONDOMINIO VILLAGGIO/TORRE B/AREA COMUM/QUADROS/AREA QDLE_Ilum_Ext_2,,Tem certeza?,0,1,30s,2,,0,,,,,
LIGAR C3 Ilum QDLE Ilum Ext 2,"mosquitto_pub -h 192.168.0.51 -t gw/000D6F001665BA57/onoffcmd/000D6F0002B5E46F/11 -m ""1""",2,0,334,ROOT/CONDOMINIO VILLAGGIO/TORRE B/AREA COMUM/QUADROS/AREA QDLE_Ilum_Ext_2,,Tem certeza?,0,1,30s,2,,0,,,,,
LIGAR C4 Ilum QDLE Ilum Ext 2,"mosquitto_pub -h 192.168.0.51 -t gw/000D6F001665BA57/onoffcmd/000D6F0002B5E46F/12 -m ""1""",2,0,334,ROOT/CONDOMINIO VILLAGGIO/TORRE B/AREA COMUM/QUADROS/AREA QDLE_Ilum_Ext_2,,Tem certeza?,0,1,30s,2,,0,,,,,
LIGAR C5 Ilum QDLE Ilum Ext 2,"mosquitto_pub -h 192.168.0.51 -t gw/000D6F001665BA57/onoffcmd/000D6F0002B5E46F/13 -m ""1""",2,0,334,ROOT/CONDOMINIO VILLAGGIO/TORRE B/AREA COMUM/QUADROS/AREA QDLE_Ilum_Ext_2,,Tem certeza?,0,1,30s,2,,0,,,,,
LIGAR C6 Ilum QDLE Ilum Ext 2,"mosquitto_pub -h 192.168.0.51 -t gw/000D6F001665BA57/onoffcmd/000D6F0002B5E46F/14 -m ""1""",2,0,334,ROOT/CONDOMINIO VILLAGGIO/TORRE B/AREA COMUM/QUADROS/AREA QDLE_Ilum_Ext_2,,Tem certeza?,0,1,30s,2,,0,,,,,
LIGAR C7 Ilum QDLE Ilum Ext 2,"mosquitto_pub -h 192.168.0.51 -t gw/000D6F001665BA57/onoffcmd/000D6F0002B5E46F/15 -m ""1""",2,0,334,ROOT/CONDOMINIO VILLAGGIO/TORRE B/AREA COMUM/QUADROS/AREA QDLE_Ilum_Ext_2,,Tem certeza?,0,1,30s,2,,0,,,,,
LIGAR C8 Ilum QDLE Ilum Ext 2,"mosquitto_pub -h 192.168.0.51 -t gw/000D6F001665BA57/onoffcmd/000D6F0002B5E46F/16 -m ""1""",2,0,334,ROOT/CONDOMINIO VILLAGGIO/TORRE B/AREA COMUM/QUADROS/AREA QDLE_Ilum_Ext_2,,Tem certeza?,0,1,30s,2,,0,,,,,
LIGAR C9 Ilum QDLE Ilum Ext 2,"mosquitto_pub -h 192.168.0.51 -t gw/000D6F001665BA57/onoffcmd/000D6F0002B5E46F/17 -m ""1""",2,0,334,ROOT/CONDOMINIO VILLAGGIO/TORRE B/AREA COMUM/QUADROS/AREA QDLE_Ilum_Ext_2,,Tem certeza?,0,1,30s,2,,0,,,,,
LIGAR C10 Ilum QDLE Ilum Ext 2,"mosquitto_pub -h 192.168.0.51 -t gw/000D6F001665BA57/onoffcmd/000D6F0002B5E46F/18 -m ""1""",2,0,334,ROOT/CONDOMINIO VILLAGGIO/TORRE B/AREA COMUM/QUADROS/AREA QDLE_Ilum_Ext_2,,Tem certeza?,0,1,30s,2,,0,,,,,
DESLIGAR C1 Ilum QDLE Ilum Ext 2,"mosquitto_pub -h 192.168.0.51 -t gw/000D6F001665BA57/onoffcmd/000D6F0002B5E46F/9 -m ""0""",2,0,334,ROOT/CONDOMINIO VILLAGGIO/TORRE B/AREA COMUM/QUADROS/AREA QDLE_Ilum_Ext_2,,Tem certeza?,0,1,30s,2,,0,,,,,
DESLIGAR C2 Ilum QDLE Ilum Ext 2,"mosquitto_pub -h 192.168.0.51 -t gw/000D6F001665BA57/onoffcmd/000D6F0002B5E46F/10 -m ""0""",2,0,334,ROOT/CONDOMINIO VILLAGGIO/TORRE B/AREA COMUM/QUADROS/AREA QDLE_Ilum_Ext_2,,Tem certeza?,0,1,30s,2,,0,,,,,
DESLIGAR C3 Ilum QDLE Ilum Ext 2,"mosquitto_pub -h 192.168.0.51 -t gw/000D6F001665BA57/onoffcmd/000D6F0002B5E46F/11 -m ""3""",2,0,334,ROOT/CONDOMINIO VILLAGGIO/TORRE B/AREA COMUM/QUADROS/AREA QDLE_Ilum_Ext_2,,Tem certeza?,0,1,30s,2,,0,,,,,
DESLIGAR C4 Ilum QDLE Ilum Ext 2,"mosquitto_pub -h 192.168.0.51 -t gw/000D6F001665BA57/onoffcmd/000D6F0002B5E46F/12 -m ""0""",2,0,334,ROOT/CONDOMINIO VILLAGGIO/TORRE B/AREA COMUM/QUADROS/AREA QDLE_Ilum_Ext_2,,Tem certeza?,0,1,30s,2,,0,,,,,
DESLIGAR C5 Ilum QDLE Ilum Ext 2,"mosquitto_pub -h 192.168.0.51 -t gw/000D6F001665BA57/onoffcmd/000D6F0002B5E46F/13 -m ""0""",2,0,334,ROOT/CONDOMINIO VILLAGGIO/TORRE B/AREA COMUM/QUADROS/AREA QDLE_Ilum_Ext_2,,Tem certeza?,0,1,30s,2,,0,,,,,
DESLIGAR C6 Ilum QDLE Ilum Ext 2,"mosquitto_pub -h 192.168.0.51 -t gw/000D6F001665BA57/onoffcmd/000D6F0002B5E46F/14 -m ""0""",2,0,334,ROOT/CONDOMINIO VILLAGGIO/TORRE B/AREA COMUM/QUADROS/AREA QDLE_Ilum_Ext_2,,Tem certeza?,0,1,30s,2,,0,,,,,
DESLIGAR C7 Ilum QDLE Ilum Ext 2,"mosquitto_pub -h 192.168.0.51 -t gw/000D6F001665BA57/onoffcmd/000D6F0002B5E46F/15 -m ""0""",2,0,334,ROOT/CONDOMINIO VILLAGGIO/TORRE B/AREA COMUM/QUADROS/AREA QDLE_Ilum_Ext_2,,Tem certeza?,0,1,30s,2,,0,,,,,
DESLIGAR C8 Ilum QDLE Ilum Ext 2,"mosquitto_pub -h 192.168.0.51 -t gw/000D6F001665BA57/onoffcmd/000D6F0002B5E46F/16 -m ""0""",2,0,334,ROOT/CONDOMINIO VILLAGGIO/TORRE B/AREA COMUM/QUADROS/AREA QDLE_Ilum_Ext_2,,Tem certeza?,0,1,30s,2,,0,,,,,
DESLIGAR C9 Ilum QDLE Ilum Ext 2,"mosquitto_pub -h 192.168.0.51 -t gw/000D6F001665BA57/onoffcmd/000D6F0002B5E46F/17 -m ""0""",2,0,334,ROOT/CONDOMINIO VILLAGGIO/TORRE B/AREA COMUM/QUADROS/AREA QDLE_Ilum_Ext_2,,Tem certeza?,0,1,30s,2,,0,,,,,
DESLIGAR C10 Ilum QDLE Ilum Ext 2,"mosquitto_pub -h 192.168.0.51 -t gw/000D6F001665BA57/onoffcmd/000D6F0002B5E46F/18 -m ""0""",2,0,334,ROOT/CONDOMINIO VILLAGGIO/TORRE B/AREA COMUM/QUADROS/AREA QDLE_Ilum_Ext_2,,Tem certeza?,0,1,30s,2,,0,,,,,
LIGAR C1 Ilum Terreo QDLE TER A,"mosquitto_pub -h 192.168.0.51 -t gw/000D6F001665BA57/onoffcmd/000D6F0002B5CBE3/1 -m ""1""",2,0,335,ROOT/CONDOMINIO VILLAGGIO/TORRE B/AREA COMUM/QUADROS/AREA QDLE_TER_A,,Tem certeza?,0,1,30s,2,,0,,,,,
LIGAR C2 Ilum Salas Terreo QDLE TER A,"mosquitto_pub -h 192.168.0.51 -t gw/000D6F001665BA57/onoffcmd/000D6F0002B5CBE3/2 -m ""1""",2,0,335,ROOT/CONDOMINIO VILLAGGIO/TORRE B/AREA COMUM/QUADROS/AREA QDLE_TER_A,,Tem certeza?,0,1,30s,2,,0,,,,,
DESLIGAR C1 Ilum Terreo QDLE TER A,"mosquitto_pub -h 192.168.0.51 -t gw/000D6F001665BA57/onoffcmd/000D6F0002B5CBE3/1 -m ""0""",2,0,335,ROOT/CONDOMINIO VILLAGGIO/TORRE B/AREA COMUM/QUADROS/AREA QDLE_TER_A,,Tem certeza?,0,1,30s,2,,0,,,,,
DESLIGAR C2 Ilum Salas Terreo QDLE TER A,"mosquitto_pub -h 192.168.0.51 -t gw/000D6F001665BA57/onoffcmd/000D6F0002B5CBE3/2 -m ""0""",2,0,335,ROOT/CONDOMINIO VILLAGGIO/TORRE B/AREA COMUM/QUADROS/AREA QDLE_TER_A,,Tem certeza?,0,1,30s,2,,0,,,,,
LIGAR C1 Ilum 1SS QDLE-SS-A,"mosquitto_pub -h 192.168.0.51 -t gw/000D6F001665BA57/onoffcmd/000D6F000AB18AF4/1 -m ""1""",2,0,336,ROOT/CONDOMINIO VILLAGGIO/TORRE B/AREA COMUM/QUADROS/AREA QDLE-SS-A,,Tem certeza?,0,1,30s,2,,0,,,,,
LIGAR C2 Ilum 1SS QDLE-SS-A,"mosquitto_pub -h 192.168.0.51 -t gw/000D6F001665BA57/onoffcmd/000D6F000AB18AF4/2 -m ""1""",2,0,336,ROOT/CONDOMINIO VILLAGGIO/TORRE B/AREA COMUM/QUADROS/AREA QDLE-SS-A,,Tem certeza?,0,1,30s,2,,0,,,,,
DESLIGAR C1 Ilum 1SS QDLE-SS-A,"mosquitto_pub -h 192.168.0.51 -t gw/000D6F001665BA57/onoffcmd/000D6F000AB18AF4/1 -m ""0""",2,0,336,ROOT/CONDOMINIO VILLAGGIO/TORRE B/AREA COMUM/QUADROS/AREA QDLE-SS-A,,Tem certeza?,0,1,30s,2,,0,,,,,
DESLIGAR C2 Ilum 1SS QDLE-SS-A,"mosquitto_pub -h 192.168.0.51 -t gw/000D6F001665BA57/onoffcmd/000D6F000AB18AF4/2 -m ""0""",2,0,336,ROOT/CONDOMINIO VILLAGGIO/TORRE B/AREA COMUM/QUADROS/AREA QDLE-SS-A,,Tem certeza?,0,1,30s,2,,0,,,,,
LIGAR C1 Ilum 2SS QDLE-SS-B,"mosquitto_pub -h 192.168.0.51 -t gw/000D6F001665BA57/onoffcmd/000D6F000291C4C4/9 -m ""1""",2,0,337,ROOT/CONDOMINIO VILLAGGIO/TORRE B/AREA COMUM/QUADROS/AREA QDLE-SS-B,,Tem certeza?,0,1,30s,2,,0,,,,,
LIGAR C2 Ilum 2SS QDLE-SS-B,"mosquitto_pub -h 192.168.0.51 -t gw/000D6F001665BA57/onoffcmd/000D6F000291C4C4/10 -m ""1""",2,0,337,ROOT/CONDOMINIO VILLAGGIO/TORRE B/AREA COMUM/QUADROS/AREA QDLE-SS-B,,Tem certeza?,0,1,30s,2,,0,,,,,
LIGAR C3 Ilum 1SS QDLE-SS-B,"mosquitto_pub -h 192.168.0.51 -t gw/000D6F001665BA57/onoffcmd/000D6F000291C4C4/11 -m ""1""",2,0,337,ROOT/CONDOMINIO VILLAGGIO/TORRE B/AREA COMUM/QUADROS/AREA QDLE-SS-B,,Tem certeza?,0,1,30s,2,,0,,,,,
LIGAR C4 Ilum 1SS QDLE-SS-B,"mosquitto_pub -h 192.168.0.51 -t gw/000D6F001665BA57/onoffcmd/000D6F000291C4C4/12 -m ""1""",2,0,337,ROOT/CONDOMINIO VILLAGGIO/TORRE B/AREA COMUM/QUADROS/AREA QDLE-SS-B,,Tem certeza?,0,1,30s,2,,0,,,,,
DESLIGAR C1 Ilum 2SS QDLE-SS-B,"mosquitto_pub -h 192.168.0.51 -t gw/000D6F001665BA57/onoffcmd/000D6F000291C4C4/9 -m ""0""",2,0,337,ROOT/CONDOMINIO VILLAGGIO/TORRE B/AREA COMUM/QUADROS/AREA QDLE-SS-B,,Tem certeza?,0,1,30s,2,,0,,,,,
DESLIGAR C2 Ilum 2SS QDLE-SS-B,"mosquitto_pub -h 192.168.0.51 -t gw/000D6F001665BA57/onoffcmd/000D6F000291C4C4/10 -m ""0""",2,0,337,ROOT/CONDOMINIO VILLAGGIO/TORRE B/AREA COMUM/QUADROS/AREA QDLE-SS-B,,Tem certeza?,0,1,30s,2,,0,,,,,
DESLIGAR C3 Ilum 1SS QDLE-SS-B,"mosquitto_pub -h 192.168.0.51 -t gw/000D6F001665BA57/onoffcmd/000D6F000291C4C4/11 -m ""0""",2,0,337,ROOT/CONDOMINIO VILLAGGIO/TORRE B/AREA COMUM/QUADROS/AREA QDLE-SS-B,,Tem certeza?,0,1,30s,2,,0,,,,,
DESLIGAR C4 Ilum 1SS QDLE-SS-B,"mosquitto_pub -h 192.168.0.51 -t gw/000D6F001665BA57/onoffcmd/000D6F000291C4C4/12 -m ""0""",2,0,337,ROOT/CONDOMINIO VILLAGGIO/TORRE B/AREA COMUM/QUADROS/AREA QDLE-SS-B,,Tem certeza?,0,1,30s,2,,0,,,,,
LIGAR C1 Ilum 2SS QDLE-SS-C,"mosquitto_pub -h 192.168.0.51 -t gw/000D6F001665BA57/onoffcmd/000D6F00053645AC/9 -m ""1""",2,0,338,ROOT/CONDOMINIO VILLAGGIO/TORRE B/AREA COMUM/QUADROS/AREA QDLE-SS-C,,Tem certeza?,0,1,30s,2,,0,,,,,
LIGAR C2 Ilum 2SS QDLE-SS-C,"mosquitto_pub -h 192.168.0.51 -t gw/000D6F001665BA57/onoffcmd/000D6F00053645AC/10 -m ""1""",2,0,338,ROOT/CONDOMINIO VILLAGGIO/TORRE B/AREA COMUM/QUADROS/AREA QDLE-SS-C,,Tem certeza?,0,1,30s,2,,0,,,,,
LIGAR C4 Ilum 1SS QDLE-SS-C,"mosquitto_pub -h 192.168.0.51 -t gw/000D6F001665BA57/onoffcmd/000D6F00053645AC/12 -m ""1""",2,0,338,ROOT/CONDOMINIO VILLAGGIO/TORRE B/AREA COMUM/QUADROS/AREA QDLE-SS-C,,Tem certeza?,0,1,30s,2,,0,,,,,
LIGAR C3 Ilum 1SS QDLE-SS-C,"mosquitto_pub -h 192.168.0.51 -t gw/000D6F001665BA57/onoffcmd/000D6F00053645AC/11 -m ""1""",2,0,338,ROOT/CONDOMINIO VILLAGGIO/TORRE B/AREA COMUM/QUADROS/AREA QDLE-SS-C,,Tem certeza?,0,1,30s,2,,0,,,,,
DESLIGAR C1 Ilum 2SS QDLE-SS-C,"mosquitto_pub -h 192.168.0.51 -t gw/000D6F001665BA57/onoffcmd/000D6F00053645AC/9 -m ""0""",2,0,338,ROOT/CONDOMINIO VILLAGGIO/TORRE B/AREA COMUM/QUADROS/AREA QDLE-SS-C,,Tem certeza?,0,1,30s,2,,0,,,,,
DESLIGAR C2 Ilum 2SS QDLE-SS-C,"mosquitto_pub -h 192.168.0.51 -t gw/000D6F001665BA57/onoffcmd/000D6F00053645AC/10 -m ""0""",2,0,338,ROOT/CONDOMINIO VILLAGGIO/TORRE B/AREA COMUM/QUADROS/AREA QDLE-SS-C,,Tem certeza?,0,1,30s,2,,0,,,,,
DESLIGAR C3 Ilum 1SS QDLE-SS-C,"mosquitto_pub -h 192.168.0.51 -t gw/000D6F001665BA57/onoffcmd/000D6F00053645AC/11 -m ""0""",2,0,338,ROOT/CONDOMINIO VILLAGGIO/TORRE B/AREA COMUM/QUADROS/AREA QDLE-SS-C,,Tem certeza?,0,1,30s,2,,0,,,,,
DESLIGAR C4 Ilum 1SS QDLE-SS-C,"mosquitto_pub -h 192.168.0.51 -t gw/000D6F001665BA57/onoffcmd/000D6F00053645AC/12 -m ""0""",2,0,338,ROOT/CONDOMINIO VILLAGGIO/TORRE B/AREA COMUM/QUADROS/AREA QDLE-SS-C,,Tem certeza?,0,1,30s,2,,0,,,,,
LIGAR C1 Ilum 2SS QDLE-SS-D,"mosquitto_pub -h 192.168.0.51 -t gw/000D6F001665BA57/onoffcmd/000D6F000309244B/9 -m ""1""",2,0,339,ROOT/CONDOMINIO VILLAGGIO/TORRE B/AREA COMUM/QUADROS/AREA QDLE-SS-D,,Tem certeza?,0,1,30s,2,,0,,,,,
LIGAR C2 Ilum 2SS QDLE-SS-D,"mosquitto_pub -h 192.168.0.51 -t gw/000D6F001665BA57/onoffcmd/000D6F000309244B/10 -m ""1""",2,0,339,ROOT/CONDOMINIO VILLAGGIO/TORRE B/AREA COMUM/QUADROS/AREA QDLE-SS-D,,Tem certeza?,0,1,30s,2,,0,,,,,
LIGAR C3 Ilum 1SS QDLE-SS-D,"mosquitto_pub -h 192.168.0.51 -t gw/000D6F001665BA57/onoffcmd/000D6F000309244B/11 -m ""1""",2,0,339,ROOT/CONDOMINIO VILLAGGIO/TORRE B/AREA COMUM/QUADROS/AREA QDLE-SS-D,,Tem certeza?,0,1,30s,2,,0,,,,,
LIGAR C4 Ilum 1SS QDLE-SS-D,"mosquitto_pub -h 192.168.0.51 -t gw/000D6F001665BA57/onoffcmd/000D6F000309244B/12 -m ""1""",2,0,339,ROOT/CONDOMINIO VILLAGGIO/TORRE B/AREA COMUM/QUADROS/AREA QDLE-SS-D,,Tem certeza?,0,1,30s,2,,0,,,,,
DESLIGAR C1 Ilum 2SS QDLE-SS-D,"mosquitto_pub -h 192.168.0.51 -t gw/000D6F001665BA57/onoffcmd/000D6F000309244B/9 -m ""0""",2,0,339,ROOT/CONDOMINIO VILLAGGIO/TORRE B/AREA COMUM/QUADROS/AREA QDLE-SS-D,,Tem certeza?,0,1,30s,2,,0,,,,,
DESLIGAR C2 Ilum 2SS QDLE-SS-D,"mosquitto_pub -h 192.168.0.51 -t gw/000D6F001665BA57/onoffcmd/000D6F000309244B/10 -m ""0""",2,0,339,ROOT/CONDOMINIO VILLAGGIO/TORRE B/AREA COMUM/QUADROS/AREA QDLE-SS-D,,Tem certeza?,0,1,30s,2,,0,,,,,
DESLIGAR C3 Ilum 1SS QDLE-SS-D,"mosquitto_pub -h 192.168.0.51 -t gw/000D6F001665BA57/onoffcmd/000D6F000309244B/11 -m ""0""",2,0,339,ROOT/CONDOMINIO VILLAGGIO/TORRE B/AREA COMUM/QUADROS/AREA QDLE-SS-D,,Tem certeza?,0,1,30s,2,,0,,,,,
DESLIGAR C4 Ilum 1SS QDLE-SS-D,"mosquitto_pub -h 192.168.0.51 -t gw/000D6F001665BA57/onoffcmd/000D6F000309244B/12 -m ""0""",2,0,339,ROOT/CONDOMINIO VILLAGGIO/TORRE B/AREA COMUM/QUADROS/AREA QDLE-SS-D,,Tem certeza?,0,1,30s,2,,0,,,,,
LIGAR Exaustor VEX-1SS-01/02/03 QFE Exaust 1S,"mosquitto_pub -h 192.168.0.51 -t gw/000D6F001665BA57/onoffcmd/000D6F0003E6C765/17 -m ""1""",2,0,340,ROOT/CONDOMINIO VILLAGGIO/TORRE B/AREA COMUM/QUADROS/AREA QFE_Exaust_1S,,Tem certeza?,0,1,30s,2,,0,,,,,
LIGAR C1 QFE Exaust 1S,"mosquitto_pub -h 192.168.0.51 -t gw/000D6F001665BA57/onoffcmd/000D6F0003E6C765/18 -m ""1""",2,0,340,ROOT/CONDOMINIO VILLAGGIO/TORRE B/AREA COMUM/QUADROS/AREA QFE_Exaust_1S,,Tem certeza?,0,1,30s,2,,0,,,,,
LIGAR C2 QFE Exaust 1S,"mosquitto_pub -h 192.168.0.51 -t gw/000D6F001665BA57/onoffcmd/000D6F0003E6C765/19 -m ""1""",2,0,340,ROOT/CONDOMINIO VILLAGGIO/TORRE B/AREA COMUM/QUADROS/AREA QFE_Exaust_1S,,Tem certeza?,0,1,30s,2,,0,,,,,
LIGAR C3 QFE Exaust 1S,"mosquitto_pub -h 192.168.0.51 -t gw/000D6F001665BA57/onoffcmd/000D6F0003E6C765/20 -m ""1""",2,0,340,ROOT/CONDOMINIO VILLAGGIO/TORRE B/AREA COMUM/QUADROS/AREA QFE_Exaust_1S,,Tem certeza?,0,1,30s,2,,0,,,,,
DESLIGAR C1 QFE Exaust 1S,"mosquitto_pub -h 192.168.0.51 -t gw/000D6F001665BA57/onoffcmd/000D6F0003E6C765/18 -m ""0""",2,0,340,ROOT/CONDOMINIO VILLAGGIO/TORRE B/AREA COMUM/QUADROS/AREA QFE_Exaust_1S,,Tem certeza?,0,1,30s,2,,0,,,,,
DESLIGAR C2 QFE Exaust 1S,"mosquitto_pub -h 192.168.0.51 -t gw/000D6F001665BA57/onoffcmd/000D6F0003E6C765/19 -m ""0""",2,0,340,ROOT/CONDOMINIO VILLAGGIO/TORRE B/AREA COMUM/QUADROS/AREA QFE_Exaust_1S,,Tem certeza?,0,1,30s,2,,0,,,,,
DESLIGAR C3 QFE Exaust 1S,"mosquitto_pub -h 192.168.0.51 -t gw/000D6F001665BA57/onoffcmd/000D6F0003E6C765/20 -m ""0""",2,0,340,ROOT/CONDOMINIO VILLAGGIO/TORRE B/AREA COMUM/QUADROS/AREA QFE_Exaust_1S,,Tem certeza?,0,1,30s,2,,0,,,,,
DESLIGAR Exaustor VEX-1SS-01/02/03 QFE Exaust 1S,"mosquitto_pub -h 192.168.0.51 -t gw/000D6F001665BA57/onoffcmd/000D6F0003E6C765/17 -m ""0""",2,0,340,ROOT/CONDOMINIO VILLAGGIO/TORRE B/AREA COMUM/QUADROS/AREA QFE_Exaust_1S,,Tem certeza?,0,1,30s,2,,0,,,,,
DESLIGAR Exaustor VEX-2SS-01/02/03 QFE Exaust 2S,"mosquitto_pub -h 192.168.0.51 -t gw/000D6F001665BA57/onoffcmd/000D6F00029930C1/17 -m ""0""",2,0,341,ROOT/CONDOMINIO VILLAGGIO/TORRE B/AREA COMUM/QUADROS/AREA QFE_Exaust_2S,,Tem certeza?,0,1,30s,2,,0,,,,,
LIGAR CC1 QFE Exaust 2S,"mosquitto_pub -h 192.168.0.51 -t gw/000D6F001665BA57/onoffcmd/000D6F00029930C1/18 -m ""1""",2,0,341,ROOT/CONDOMINIO VILLAGGIO/TORRE B/AREA COMUM/QUADROS/AREA QFE_Exaust_2S,,Tem certeza?,0,1,30s,2,,0,,,,,
LIGAR CC2 QFE Exaust 2S,"mosquitto_pub -h 192.168.0.51 -t gw/000D6F001665BA57/onoffcmd/000D6F00029930C1/19 -m ""1""",2,0,341,ROOT/CONDOMINIO VILLAGGIO/TORRE B/AREA COMUM/QUADROS/AREA QFE_Exaust_2S,,Tem certeza?,0,1,30s,2,,0,,,,,
DESLIGAR CC3 QFE Exaust 2S,"mosquitto_pub -h 192.168.0.51 -t gw/000D6F001665BA57/onoffcmd/000D6F00029930C1/20 -m ""0""",2,0,341,ROOT/CONDOMINIO VILLAGGIO/TORRE B/AREA COMUM/QUADROS/AREA QFE_Exaust_2S,,Tem certeza?,0,1,30s,2,,0,,,,,
DESLIGAR CC1 QFE Exaust 2S,"mosquitto_pub -h 192.168.0.51 -t gw/000D6F001665BA57/onoffcmd/000D6F00029930C1/18 -m ""0""",2,0,341,ROOT/CONDOMINIO VILLAGGIO/TORRE B/AREA COMUM/QUADROS/AREA QFE_Exaust_2S,,Tem certeza?,0,1,30s,2,,0,,,,,
DESLIGAR CC2 QFE Exaust 2S,"mosquitto_pub -h 192.168.0.51 -t gw/000D6F001665BA57/onoffcmd/000D6F00029930C1/19 -m ""0""",2,0,341,ROOT/CONDOMINIO VILLAGGIO/TORRE B/AREA COMUM/QUADROS/AREA QFE_Exaust_2S,,Tem certeza?,0,1,30s,2,,0,,,,,
LIGAR CC3 QFE Exaust 2S,"mosquitto_pub -h 192.168.0.51 -t gw/000D6F001665BA57/onoffcmd/000D6F00029930C1/20 -m ""1""",2,0,341,ROOT/CONDOMINIO VILLAGGIO/TORRE B/AREA COMUM/QUADROS/AREA QFE_Exaust_2S,,Tem certeza?,0,1,30s,2,,0,,,,,
LIGAR Exaustor VEX-2SS-01/02/03 QFE Exaust 2S,"mosquitto_pub -h 192.168.0.51 -t gw/000D6F001665BA57/onoffcmd/000D6F00029930C1/17 -m ""1""",2,0,341,ROOT/CONDOMINIO VILLAGGIO/TORRE B/AREA COMUM/QUADROS/AREA QFE_Exaust_2S,,Tem certeza?,0,1,30s,2,,0,,,,,
